Test_ID,Country,Transaction_Date,Transaction_Time
11,India,29-02-2023,12:00:00
13,United States,02/29/2023,23:59:00
15,Singapore,2023-02-29,23:59:59
16,India,31-04-2026,10:10:10
17,United States,04/31/2026,10:10:10
18,Singapore,2026-04-31,10:10:10
19,United Kingdom,2026-06-18,ERROR
20,United Kingdom,2026-06-18,ERROR
21,India,2026-06-18,ERROR
22,United States,2026-06-18,ERROR
23,Singapore,2026-06-18,ERROR
24,India,2026-06-18,ERROR
25,United States,2026-06-18,ERROR
26,Singapore,2026-06-18,ERROR
27,United Kingdom,2026-06-18,ERROR
28,India,ERROR,14:30:45
29,United States,ERROR,14:30:00
30,Singapore,ERROR,23:59:59
47,India,31-13-2026,14:30:45
48,United States,13/31/2026,14:30:45
49,Singapore,2026-00-18,14:30:45
50,United Kingdom,18/00/2026,14:30:45
51,India,32-01-2026,14:30:45
52,United States,01/32/2026,14:30:45
53,Singapore,2026-06-18,ERROR
54,India,2026-06-18,ERROR
55,United States,2026-06-18,ERROR
56,Singapore,2026-06-18,ERROR
57,United Kingdom,2026-06-18,ERROR
58,India,2026-06-18,ERROR
59,United States,ERROR,14:30:00
60,Singapore,garbage,ERROR
